id,user_id,consent,timestamp
1,33350764-0cde-423c-ac1c-1049d4cfa51a,1,2025-04-05 08:20:20
2,f947c183-9bb6-45cd-bdcb-097ac3687aa7,1,2025-04-08 18:16:52
3,cd228882-d6f9-4c0a-a7e6-49c5765512fd,1,2025-04-13 14:06:42
4,403dad45-c63f-4e85-873d-d6cd773484f9,1,2025-04-13 14:30:13
5,846e50b1-b000-435b-8d7d-53d250de71a1,1,2025-04-18 09:55:18
6,bbbcd3d0-c76a-4aca-99cc-eddc16813c90,1,2025-05-10 12:50:13
7,e29dd2da-e6b8-424a-85e1-f45bde5a4824,1,2025-05-11 16:02:25
8,1dcae012-1b8e-4b40-8211-536790651bee,1,2025-05-11 17:03:50
9,5d289689-2da6-4fd0-a39a-15c13fd3014e,1,2025-05-11 18:16:15
10,3bd455d5-7fbc-4f28-ba6b-7108c8df9088,1,2025-05-11 18:20:00
11,8f3bdae6-448d-4cf1-bbf8-e7bdc8d342ea,1,2025-05-12 08:22:26
12,bbed9319-4875-445b-9e3d-178bd7076320,1,2025-05-12 09:00:08
13,68c1c832-3d0f-4b00-a425-6b32af73f9d2,1,2025-05-12 09:01:11
14,0e0e2bbc-b8ce-417d-942b-000ea74dd148,1,2025-05-12 09:09:32
15,d0485f44-f814-48f8-8fdf-5135df301aaf,1,2025-05-12 13:13:41
16,516b629c-b3b4-4e70-a078-97cf4707eb38,1,2025-05-12 18:25:18
17,9a043789-02b6-4472-aba4-671a3743b66c,1,2025-05-12 18:59:22
18,7d8c8e85-5ac0-49b1-9480-6760a0467ef0,1,2025-05-14 06:42:57
19,8d082d01-a9ad-4d28-a582-c4bbc4fa9df0,1,2025-05-21 17:31:53
20,e4991715-daec-4553-b2a3-2080c6dd3cd6,1,2025-05-21 17:41:02
21,040f6d6b-8307-46ae-b9b1-429566e456f5,1,2025-05-22 10:22:10
22,0efd47d4-7c12-46f2-a820-ea7f6650deee,1,2025-05-28 03:42:31
